Date,Price,,,,,
3/1/2013,78.85,,,,,
3/4/2013,78.85,,,,,
3/5/2013,78.85,,,,,
3/6/2013,78.81,,,,,
3/7/2013,79.1,,,,,
3/8/2013,79.1,,,,,
3/11/2013,78.74,,,,,
3/12/2013,78.74,,,,,
3/13/2013,78.715,,,,,
3/14/2013,78.615,,,,,
3/15/2013,78.615,,,,,
3/18/2013,78.615,,,,,
3/19/2013,78.545,,,,,
3/20/2013,78.35,,,,,
3/21/2013,78.4,,,,,
3/22/2013,78.4,,,,,
3/25/2013,78.3,,,,,
3/26/2013,78.3,,,,,
3/27/2013,78.235,,,,,
3/28/2013,78.075,,,,,
3/29/2013,78.075,,,,,
4/1/2013,78.145,,,,,
4/2/2013,78.095,,,,,
4/3/2013,78.095,,,,,
4/4/2013,78.075,,,,,
4/5/2013,78.075,,,,,
4/8/2013,78.075,,,,,
4/9/2013,78.075,,,,,
4/10/2013,78.3,,,,,
4/11/2013,78.28,,,,,
4/12/2013,78.28,,,,,
4/15/2013,78.25,,,,,
4/16/2013,78.23,,,,,
4/17/2013,78.25,,,,,
4/18/2013,78.23,,,,,
4/19/2013,78.2,,,,,
4/22/2013,78.2,,,,,
4/23/2013,78.12,,,,,
4/24/2013,78.15,,,,,
4/25/2013,78.12,,,,,
4/26/2013,78.1,,,,,
4/29/2013,78.15,,,,,
4/30/2013,78.17,,,,,
5/1/2013,78.13,,,,,
5/2/2013,78.17,,,,,
5/3/2013,78.15,,,,,
5/6/2013,78.17,,,,,
5/7/2013,78.13,,,,,
5/8/2013,78.1,,,,,
5/9/2013,78.08,,,,,
5/10/2013,78.07,,,,,
5/13/2013,78.07,,,,,
5/14/2013,78.02,,,,,
5/15/2013,78.02,,,,,
5/16/2013,78.02,,,,,
5/17/2013,78,,,,,
5/20/2013,78.02,,,,,
5/21/2013,78.01,,,,,
5/22/2013,77.99,,,,,
5/23/2013,77.97,,,,,
5/24/2013,77.93,,,,,
5/27/2013,78.02,,,,,
5/28/2013,78,,,,,
5/29/2013,78,,,,,
5/30/2013,78,,,,,
5/31/2013,77.97,,,,,
6/3/2013,77.97,,,,,
6/4/2013,77.97,,,,,
6/5/2013,77.97,,,,,
6/6/2013,78,,,,,
6/7/2013,77.98,,,,,
6/10/2013,77.97,,,,,
6/11/2013,77.99,,,,,
6/12/2013,78,,,,,
6/13/2013,77.98,,,,,
6/14/2013,77.97,,,,,
6/17/2013,77.97,,,,,
6/18/2013,77.98,,,,,
6/19/2013,77.98,,,,,
6/20/2013,77.97,,,,,
6/21/2013,77.95,,,,,
6/24/2013,77.9,,,,,
6/25/2013,77.85,,,,,
6/26/2013,77.83,,,,,
6/27/2013,77.97,,,,,
6/28/2013,77.95,,,,,
7/1/2013,77.98,,,,,
7/2/2013,78,,,,,
7/3/2013,77.99,,,,,
7/4/2013,77.77,,,,,
7/5/2013,78,,,,,
7/8/2013,77.98,,,,,
7/9/2013,77.99,,,,,
7/10/2013,77.97,,,,,
7/11/2013,77.95,,,,,
7/12/2013,77.95,,,,,
7/15/2013,77.97,,,,,
7/16/2013,77.95,,,,,
7/17/2013,77.93,,,,,
7/18/2013,77.92,,,,,
7/19/2013,77.9,,,,,
7/22/2013,77.98,,,,,
7/23/2013,77.76,,,,,
7/24/2013,77.95,,,,,
7/25/2013,77.97,,,,,
7/26/2013,77.95,,,,,
7/29/2013,77.9,,,,,
7/30/2013,77.97,,,,,
7/31/2013,77.95,,,,,
8/1/2013,77.92,,,,,
8/2/2013,77.9,,,,,
8/5/2013,77.97,,,,,
8/6/2013,77.95,,,,,
8/7/2013,77.97,,,,,
8/8/2013,77.95,,,,,
8/9/2013,77.93,,,,,
8/12/2013,77.97,,,,,
8/13/2013,77.95,,,,,
8/14/2013,77.97,,,,,
8/15/2013,77.95,,,,,
8/16/2013,77.95,,,,,
8/19/2013,77.93,,,,,
8/20/2013,77.15,,,,,
8/21/2013,76.98,,,,,
8/22/2013,76.85,,,,,
8/23/2013,76.85,,,,,
8/26/2013,77.15,,,,,
8/27/2013,77.47,,,,,
8/28/2013,77.47,,,,,
8/29/2013,77.47,,,,,
8/30/2013,77.47,,,,,
9/2/2013,77.97,,,,,
9/3/2013,77.47,,,,,
9/4/2013,77.47,,,,,
9/5/2013,77.47,,,,,
9/6/2013,77.1,,,,,
9/9/2013,77.1,,,,,
9/10/2013,77.47,,,,,
9/11/2013,77.47,,,,,
9/12/2013,77.47,,,,,
9/13/2013,77.47,,,,,
9/16/2013,77.47,,,,,
9/17/2013,77.47,,,,,
9/18/2013,77.47,,,,,
9/19/2013,77.47,,,,,
9/20/2013,77.47,,,,,
9/23/2013,77.47,,,,,
9/24/2013,77.47,,,,,
9/25/2013,77.47,,,,,
9/26/2013,77.97,,,,,
9/27/2013,77.47,,,,,
9/30/2013,77.47,,,,,
10/1/2013,77.97,,,,,
10/2/2013,77.97,,,,,
10/3/2013,77.49,,,,,
10/4/2013,77.47,,,,,
10/7/2013,77.47,,,,,
10/8/2013,77.47,,,,,
10/9/2013,77.47,,,,,
10/10/2013,77.47,,,,,
10/11/2013,77.97,,,,,
10/14/2013,77.97,,,,,
10/15/2013,77.97,,,,,
10/16/2013,77.97,,,,,
10/17/2013,77.97,,,,,
10/18/2013,77.97,,,,,
10/21/2013,77.47,,,,,
10/22/2013,77.47,,,,,
10/23/2013,77.9,,,,,
10/24/2013,77.82,,,,,
10/25/2013,77.82,,,,,
10/28/2013,77.32,,,,,
10/29/2013,77.32,,,,,
10/30/2013,77.32,,,,,
10/31/2013,77.32,,,,,
11/1/2013,77.32,,,,,
11/4/2013,77.8,,,,,
11/5/2013,77.78,,,,,
11/6/2013,77.83,,,,,
11/7/2013,77.83,,,,,
11/8/2013,77.8,,,,,
11/11/2013,77.8,,,,,
11/12/2013,77.8,,,,,
11/13/2013,77.83,,,,,
11/14/2013,77.83,,,,,
11/15/2013,77.78,,,,,
11/18/2013,77.78,,,,,
11/19/2013,77.75,,,,,
11/20/2013,77.77,,,,,
11/21/2013,77.79,,,,,
11/22/2013,77.8,,,,,
11/25/2013,77.8,,,,,
11/26/2013,77.8,,,,,
11/27/2013,77.8,,,,,
11/28/2013,77.8,,,,,
11/29/2013,77.8,,,,,
12/2/2013,77.78,,,,,
12/3/2013,77.77,,,,,
12/4/2013,77.82,,,,,
12/5/2013,77.77,,,,,
12/6/2013,77.77,,,,,
12/9/2013,77.82,,,,,
12/10/2013,77.8,,,,,
12/11/2013,77.79,,,,,
12/12/2013,77.8,,,,,
12/13/2013,77.79,,,,,
12/16/2013,77.75,,,,,
12/17/2013,77.77,,,,,
12/18/2013,77.78,,,,,
12/19/2013,77.77,,,,,
12/20/2013,77.8,,,,,
12/23/2013,77.78,,,,,
12/24/2013,77.43,,,,,
12/25/2013,77.43,,,,,
12/26/2013,77.4,,,,,
12/27/2013,77.35,,,,,
12/30/2013,77.43,,,,,
12/31/2013,77.41,,,,,
1/1/2014,77.41,,,,,
1/2/2014,77.4,,,,,
1/3/2014,77.37,,,,,
1/6/2014,77.8,,,,,
1/7/2014,77.42,,,,,
1/8/2014,77.95,,,,,
1/9/2014,77.95,,,,,
1/10/2014,77.95,,,,,
1/13/2014,77.42,,,,,
1/14/2014,77.78,,,,,
1/15/2014,77.86,,,,,
1/16/2014,77.4,,,,,
1/17/2014,77.78,,,,,
1/20/2014,77.44,,,,,
1/21/2014,77.4,,,,,
1/22/2014,77.43,,,,,
1/23/2014,77.77,,,,,
1/24/2014,77.73,,,,,
1/27/2014,77.43,,,,,
1/28/2014,77.75,,,,,
1/29/2014,77.77,,,,,
1/30/2014,77.78,,,,,
1/31/2014,77.77,,,,,
2/3/2014,77.79,,,,,
2/4/2014,77.77,,,,,
2/5/2014,77.75,,,,,
2/6/2014,77.75,,,,,
2/7/2014,77.77,,,,,
2/10/2014,77.77,,,,,
2/11/2014,77.42,,,,,
2/12/2014,77.85,,,,,
2/13/2014,77.42,,,,,
2/14/2014,77.75,,,,,
2/17/2014,77.75,,,,,
2/18/2014,77.8,,,,,
2/19/2014,77.82,,,,,
2/20/2014,77.73,,,,,
2/21/2014,77.71,,,,,
2/24/2014,77.7,,,,,
2/25/2014,77.68,,,,,
2/26/2014,77.67,,,,,
2/27/2014,77.62,,,,,
2/28/2014,77.62,,,,,
3/3/2014,77.58,,,,,
3/4/2014,77.97,,,,,
3/5/2014,77.9,,,,,
3/6/2014,77.88,,,,,
3/7/2014,77.87,,,,,
3/10/2014,77.82,,,,,
3/11/2014,77.8,,,,,
3/12/2014,77.75,,,,,
3/13/2014,77.72,,,,,
3/14/2014,77.68,,,,,
3/17/2014,77.65,,,,,
3/18/2014,77.87,,,,,
3/19/2014,77.87,,,,,
3/20/2014,77.83,,,,,
3/21/2014,77.78,,,,,
3/24/2014,77.7,,,,,
3/25/2014,77.72,,,,,
3/26/2014,77.68,,,,,
3/27/2014,77.65,,,,,
3/28/2014,77.62,,,,,
3/31/2014,77.79,,,,,
4/1/2014,77.77,,,,,
4/2/2014,77.77,,,,,
4/3/2014,77.73,,,,,
4/4/2014,77.72,,,,,
4/7/2014,77.68,,,,,
4/8/2014,77.77,,,,,
4/9/2014,77.77,,,,,
4/10/2014,77.75,,,,,
4/11/2014,77.72,,,,,
4/14/2014,77.7,,,,,
4/15/2014,77.67,,,,,
4/16/2014,77.65,,,,,
4/17/2014,77.65,,,,,
4/18/2014,77.65,,,,,
4/21/2014,77.65,,,,,
4/22/2014,77.63,,,,,
4/23/2014,77.63,,,,,
4/24/2014,77.6,,,,,
4/25/2014,77.58,,,,,
4/28/2014,77.55,,,,,
4/29/2014,77.78,,,,,
4/30/2014,77.78,,,,,
5/1/2014,77.77,,,,,
5/2/2014,77.75,,,,,
5/5/2014,77.8,,,,,
5/6/2014,77.77,,,,,
5/7/2014,77.78,,,,,
5/8/2014,77.75,,,,,
5/9/2014,77.73,,,,,
5/12/2014,77.7,,,,,
5/13/2014,77.67,,,,,
5/14/2014,77.78,,,,,
5/15/2014,77.68,,,,,
5/16/2014,77.65,,,,,
5/19/2014,77.57,,,,,
5/20/2014,77.67,,,,,
5/21/2014,77.69,,,,,
5/22/2014,77.67,,,,,
5/23/2014,77.65,,,,,
5/26/2014,77.63,,,,,
5/27/2014,77.6,,,,,
5/28/2014,77.57,,,,,
5/29/2014,77.63,,,,,
5/30/2014,77.61,,,,,
6/2/2014,77.6,,,,,
6/3/2014,77.6,,,,,
6/4/2014,77.67,,,,,
6/5/2014,77.63,,,,,
6/6/2014,77.63,,,,,
6/9/2014,77.67,,,,,
6/10/2014,77.67,,,,,
6/11/2014,77.77,,,,,
6/12/2014,77.77,,,,,
6/13/2014,77.73,,,,,
6/16/2014,77.77,,,,,
6/17/2014,77.78,,,,,
6/18/2014,77.63,,,,,
6/19/2014,77.6,,,,,
6/20/2014,77.58,,,,,
6/23/2014,77.55,,,,,
6/24/2014,77.78,,,,,
6/25/2014,77.79,,,,,
6/26/2014,77.79,,,,,
6/27/2014,77.77,,,,,
6/30/2014,77.77,,,,,
7/1/2014,77.77,,,,,
7/2/2014,77.78,,,,,
7/3/2014,77.79,,,,,
7/4/2014,77.79,,,,,
7/7/2014,77.8,,,,,
7/8/2014,77.75,,,,,
7/9/2014,77.8,,,,,
7/10/2014,77.75,,,,,
7/11/2014,77.75,,,,,
7/14/2014,77.73,,,,,
7/15/2014,77.73,,,,,
7/16/2014,77.71,,,,,
7/17/2014,77.67,,,,,
7/18/2014,77.65,,,,,
7/21/2014,77.72,,,,,
7/22/2014,77.68,,,,,
7/23/2014,77.65,,,,,
7/24/2014,77.63,,,,,
7/25/2014,77.63,,,,,
7/28/2014,77.62,,,,,
7/29/2014,77.58,,,,,
7/30/2014,77.58,,,,,
7/31/2014,77.57,,,,,
8/1/2014,77.55,,,,,
8/4/2014,77.65,,,,,
8/5/2014,77.73,,,,,
8/6/2014,77.72,,,,,
8/7/2014,77.7,,,,,
8/8/2014,77.68,,,,,
8/11/2014,77.71,,,,,
8/12/2014,77.72,,,,,
8/13/2014,77.68,,,,,
8/14/2014,77.65,,,,,
8/15/2014,77.65,,,,,
8/18/2014,77.65,,,,,
8/19/2014,77.67,,,,,
8/20/2014,77.65,,,,,
8/21/2014,77.63,,,,,
8/22/2014,77.6,,,,,
8/25/2014,77.6,,,,,
8/26/2014,77.64,,,,,
8/27/2014,77.29,,,,,
8/28/2014,77.28,,,,,
8/29/2014,77.27,,,,,
9/1/2014,77.6,,,,,
9/2/2014,77.6,,,,,
9/3/2014,77.6,,,,,
9/4/2014,77.6,,,,,
9/5/2014,77.6,,,,,
9/8/2014,77.41,,,,,
9/9/2014,77.425,,,,,
9/10/2014,77.57,,,,,
9/11/2014,77.58,,,,,
9/12/2014,77.25,,,,,
9/15/2014,77.26,,,,,
9/16/2014,77.425,,,,,
9/17/2014,77.58,,,,,
9/18/2014,77.57,,,,,
9/19/2014,77.425,,,,,
9/22/2014,77.395,,,,,
9/23/2014,77.375,,,,,
9/24/2014,77.355,,,,,
9/25/2014,77.39,,,,,
9/26/2014,77.375,,,,,
9/29/2014,77.275,,,,,
9/30/2014,77.445,,,,,
10/1/2014,77.37,,,,,
10/2/2014,77.35,,,,,
10/3/2014,77.425,,,,,
10/6/2014,77.425,,,,,
10/7/2014,77.425,,,,,
10/8/2014,77.455,,,,,
10/9/2014,77.455,,,,,
10/10/2014,77.455,,,,,
10/13/2014,77.37,,,,,
10/14/2014,77.38,,,,,
10/15/2014,77.3,,,,,
10/16/2014,77.375,,,,,
10/17/2014,77.375,,,,,
10/20/2014,77.425,,,,,
10/21/2014,77.425,,,,,
10/22/2014,77.455,,,,,
10/23/2014,77.455,,,,,
10/24/2014,77.455,,,,,
10/27/2014,77.425,,,,,
10/28/2014,77.425,,,,,
10/29/2014,77.425,,,,,
10/30/2014,77.425,,,,,
10/31/2014,77.425,,,,,
11/3/2014,77.395,,,,,
11/4/2014,77.325,,,,,
11/5/2014,77.325,,,,,
11/6/2014,77.325,,,,,
11/7/2014,77.325,,,,,
11/10/2014,77.325,,,,,
11/11/2014,77.305,,,,,
11/12/2014,77.325,,,,,
11/13/2014,77.325,,,,,
11/14/2014,77.325,,,,,
11/17/2014,77.325,,,,,
11/18/2014,77.325,,,,,
11/19/2014,77.325,,,,,
11/20/2014,77.325,,,,,
11/21/2014,77.325,,,,,
11/24/2014,77.305,,,,,
11/25/2014,77.305,,,,,
11/26/2014,77.305,,,,,
11/27/2014,77.305,,,,,
11/28/2014,77.305,,,,,
12/1/2014,77.325,,,,,
12/2/2014,77.325,,,,,
12/3/2014,77.305,,,,,
12/4/2014,77.325,,,,,
12/5/2014,77.295,,,,,
12/8/2014,77.325,,,,,
12/9/2014,77.325,,,,,
12/10/2014,77.325,,,,,
12/11/2014,77.295,,,,,
12/12/2014,77.325,,,,,
12/15/2014,77.325,,,,,
12/16/2014,77.325,,,,,
12/17/2014,77.305,,,,,
12/18/2014,77.325,,,,,
12/19/2014,77.325,,,,,
12/22/2014,77.975,,,,,
12/23/2014,77.955,,,,,
12/24/2014,77.945,,,,,
12/25/2014,77.945,,,,,
12/26/2014,77.925,,,,,
12/29/2014,77.925,,,,,
12/30/2014,77.895,,,,,
12/31/2014,77.925,,,,,
1/1/2015,77.925,,,,,
1/2/2015,77.895,,,,,
1/5/2015,77.875,,,,,
1/6/2015,78.005,,,,,
1/7/2015,77.875,,,,,
1/8/2015,77.875,,,,,
1/9/2015,77.875,,,,,
1/12/2015,77.825,,,,,
1/13/2015,77.875,,,,,
1/14/2015,77.845,,,,,
1/15/2015,77.855,,,,,
1/16/2015,77.875,,,,,
1/19/2015,77.855,,,,,
1/20/2015,77.875,,,,,
1/21/2015,77.875,,,,,
1/22/2015,77.875,,,,,
1/23/2015,77.875,,,,,
1/26/2015,77.865,,,,,
1/27/2015,77.795,,,,,
1/28/2015,77.875,,,,,
1/29/2015,77.475,,,,,
1/30/2015,77.475,,,,,
2/2/2015,77.825,,,,,
2/3/2015,77.825,,,,,
2/4/2015,77.825,,,,,
2/5/2015,77.875,,,,,
2/6/2015,77.875,,,,,
2/9/2015,77.875,,,,,
2/10/2015,77.855,,,,,
2/11/2015,77.875,,,,,
2/12/2015,77.875,,,,,
2/13/2015,77.875,,,,,
2/16/2015,77.895,,,,,
2/17/2015,77.905,,,,,
2/18/2015,77.925,,,,,
2/19/2015,77.925,,,,,
2/20/2015,77.925,,,,,
2/23/2015,77.905,,,,,
2/24/2015,77.925,,,,,
2/25/2015,77.905,,,,,
2/26/2015,77.905,,,,,
2/27/2015,77.925,,,,,
3/2/2015,77.905,,,,,
3/3/2015,77.905,,,,,
3/4/2015,77.905,,,,,
3/5/2015,77.825,,,,,
3/6/2015,77.805,,,,,
3/9/2015,77.775,,,,,
3/10/2015,77.925,,,,,
3/11/2015,77.925,,,,,
3/12/2015,77.925,,,,,
3/13/2015,77.925,,,,,
3/16/2015,77.925,,,,,
3/17/2015,77.925,,,,,
3/18/2015,77.925,,,,,
3/19/2015,77.905,,,,,
3/20/2015,77.925,,,,,
3/23/2015,77.925,,,,,
3/24/2015,77.925,,,,,
3/25/2015,77.925,,,,,
3/26/2015,77.925,,,,,
3/27/2015,77.925,,,,,
3/30/2015,77.925,,,,,
3/31/2015,77.925,,,,,
4/1/2015,77.925,,,,,
4/2/2015,77.905,,,,,
4/3/2015,77.925,,,,,
4/6/2015,77.925,,,,,
4/7/2015,77.925,,,,,
4/8/2015,77.925,,,,,
4/9/2015,77.925,,,,,
4/10/2015,77.905,,,,,
4/13/2015,77.905,,,,,
4/14/2015,77.925,,,,,
4/15/2015,77.905,,,,,
4/16/2015,77.865,,,,,
4/17/2015,77.855,,,,,
4/20/2015,77.905,,,,,
4/21/2015,77.905,,,,,
4/22/2015,77.905,,,,,
4/23/2015,77.905,,,,,
4/24/2015,77.905,,,,,
4/27/2015,77.905,,,,,
4/28/2015,77.925,,,,,
4/29/2015,77.905,,,,,
4/30/2015,77.925,,,,,
5/1/2015,77.905,,,,,
5/4/2015,77.925,,,,,
5/5/2015,77.925,,,,,
5/6/2015,77.905,,,,,
5/7/2015,77.875,,,,,
5/8/2015,77.925,,,,,
5/11/2015,77.875,,,,,
5/12/2015,77.875,,,,,
5/13/2015,77.855,,,,,
5/14/2015,77.925,,,,,
5/15/2015,77.895,,,,,
5/18/2015,77.855,,,,,
5/19/2015,77.855,,,,,
5/20/2015,77.875,,,,,
5/21/2015,77.875,,,,,
5/22/2015,77.875,,,,,
5/25/2015,77.875,,,,,
5/26/2015,77.845,,,,,
5/27/2015,77.875,,,,,
5/28/2015,77.875,,,,,
5/29/2015,77.875,,,,,
6/1/2015,77.875,,,,,
6/2/2015,77.875,,,,,
6/3/2015,77.875,,,,,
6/4/2015,77.875,,,,,
6/5/2015,77.875,,,,,
6/8/2015,77.78,,,,,
6/9/2015,77.825,,,,,
6/10/2015,77.875,,,,,
6/11/2015,77.805,,,,,
6/12/2015,77.775,,,,,
6/15/2015,77.805,,,,,
6/16/2015,77.855,,,,,
6/17/2015,77.78,,,,,
6/18/2015,77.855,,,,,
6/19/2015,77.855,,,,,
6/22/2015,77.835,,,,,
6/23/2015,77.865,,,,,
6/24/2015,77.855,,,,,
6/25/2015,77.805,,,,,
6/26/2015,77.845,,,,,
6/29/2015,77.855,,,,,
6/30/2015,77.855,,,,,
7/1/2015,77.8,,,,,
7/2/2015,77.855,,,,,
7/3/2015,77.865,,,,,
7/6/2015,77.85,,,,,
7/7/2015,77.875,,,,,
7/8/2015,77.815,,,,,
7/9/2015,77.875,,,,,
7/10/2015,77.855,,,,,
7/13/2015,77.825,,,,,
7/14/2015,77.825,,,,,
7/15/2015,77.815,,,,,
7/16/2015,77.845,,,,,
7/17/2015,77.815,,,,,
7/20/2015,77.795,,,,,
7/21/2015,77.755,,,,,
7/22/2015,77.845,,,,,
7/23/2015,77.85,,,,,
7/24/2015,77.75,,,,,
7/27/2015,77.755,,,,,
7/28/2015,77.755,,,,,
7/29/2015,77.825,,,,,
7/30/2015,77.855,,,,,
7/31/2015,77.875,,,,,
8/3/2015,77.895,,,,,
8/4/2015,77.875,,,,,
8/5/2015,77.905,,,,,
8/6/2015,77.875,,,,,
8/7/2015,77.865,,,,,
8/10/2015,77.855,,,,,
8/11/2015,77.845,,,,,
8/12/2015,77.845,,,,,
8/13/2015,77.855,,,,,
8/14/2015,77.855,,,,,
8/17/2015,77.865,,,,,
8/18/2015,77.855,,,,,
8/19/2015,77.875,,,,,
8/20/2015,77.88,,,,,
8/21/2015,77.845,,,,,
8/24/2015,77.855,,,,,
8/25/2015,77.875,,,,,
8/26/2015,77.875,,,,,
8/27/2015,77.855,,,,,
8/28/2015,77.905,,,,,
8/31/2015,77.875,,,,,
9/1/2015,77.875,,,,,
9/2/2015,77.855,,,,,
9/3/2015,77.855,,,,,
9/4/2015,77.875,,,,,
9/7/2015,77.865,,,,,
9/8/2015,77.88,,,,,
9/9/2015,77.855,,,,,
9/10/2015,77.895,,,,,
9/11/2015,77.875,,,,,
9/14/2015,77.855,,,,,
9/15/2015,77.81,,,,,
9/16/2015,77.855,,,,,
9/17/2015,77.855,,,,,
9/18/2015,77.875,,,,,
9/21/2015,77.875,,,,,
9/22/2015,77.865,,,,,
9/23/2015,77.845,,,,,
9/24/2015,77.875,,,,,
9/25/2015,77.855,,,,,
9/28/2015,77.875,,,,,
9/29/2015,77.775,,,,,
9/30/2015,77.875,,,,,
10/1/2015,77.855,,,,,
10/2/2015,77.875,,,,,
10/5/2015,77.875,,,,,
10/6/2015,77.825,,,,,
10/7/2015,77.45,,,,,
10/8/2015,77.755,,,,,
10/9/2015,77.775,,,,,
10/12/2015,77.755,,,,,
10/13/2015,77.875,,,,,
10/14/2015,77.845,,,,,
10/15/2015,77.83,,,,,
10/16/2015,77.875,,,,,
10/19/2015,77.875,,,,,
10/20/2015,77.855,,,,,
10/21/2015,77.875,,,,,
10/22/2015,77.875,,,,,
10/23/2015,77.875,,,,,
10/26/2015,77.89,,,,,
10/27/2015,77.855,,,,,
10/28/2015,77.885,,,,,
10/29/2015,77.845,,,,,
10/30/2015,77.88,,,,,
11/2/2015,77.875,,,,,
11/3/2015,78.25,,,,,
11/4/2015,78.205,,,,,
11/5/2015,78.26,,,,,
11/6/2015,78.175,,,,,
11/9/2015,78.145,,,,,
11/10/2015,78.105,,,,,
11/11/2015,78.095,,,,,
11/12/2015,78.075,,,,,
11/13/2015,78.055,,,,,
11/16/2015,78.065,,,,,
11/17/2015,77.505,,,,,
11/18/2015,77.475,,,,,
11/19/2015,77.455,,,,,
11/20/2015,77.455,,,,,
11/23/2015,77.425,,,,,
11/24/2015,77.395,,,,,
11/25/2015,77.375,,,,,
11/26/2015,77.375,,,,,
11/27/2015,78.125,,,,,
11/30/2015,78.095,,,,,
12/1/2015,78.095,,,,,
12/2/2015,78.635,,,,,
12/3/2015,78.225,,,,,
12/4/2015,78.205,,,,,
12/7/2015,78.155,,,,,
12/8/2015,78.125,,,,,
12/9/2015,78.125,,,,,
12/10/2015,78.225,,,,,
12/11/2015,78.195,,,,,
12/14/2015,78.47,,,,,
12/15/2015,78.365,,,,,
12/16/2015,78.105,,,,,
12/17/2015,78.225,,,,,
12/18/2015,78.195,,,,,
12/21/2015,78.175,,,,,
12/22/2015,78.145,,,,,
12/23/2015,78.625,,,,,
12/24/2015,78.605,,,,,
12/25/2015,78.605,,,,,
12/28/2015,78.245,,,,,
12/29/2015,78.225,,,,,
12/30/2015,78.205,,,,,
12/31/2015,78.205,,,,,
1/1/2016,78.205,,,,,
1/4/2016,78.495,,,,,
1/5/2016,78.455,,,,,
1/6/2016,78.505,,,,,
1/7/2016,78.425,,,,,
1/8/2016,78.395,,,,,
1/11/2016,78.455,,,,,
1/12/2016,78.395,,,,,
1/13/2016,78.475,,,,,
1/14/2016,78.555,,,,,
1/15/2016,78.545,,,,,
1/18/2016,78.525,,,,,
1/19/2016,78.555,,,,,
1/20/2016,78.555,,,,,
1/21/2016,78.505,,,,,
1/22/2016,78.475,,,,,
1/25/2016,78.525,,,,,
1/26/2016,78.475,,,,,
1/27/2016,78.455,,,,,
1/28/2016,78.475,,,,,
1/29/2016,78.455,,,,,
2/1/2016,78.425,,,,,
2/2/2016,78.655,,,,,
2/3/2016,78.645,,,,,
2/4/2016,78.605,,,,,
2/5/2016,78.595,,,,,
2/8/2016,78.805,,,,,
2/9/2016,78.775,,,,,
2/10/2016,78.705,,,,,
2/11/2016,78.695,,,,,
2/12/2016,78.525,,,,,
2/15/2016,78.525,,,,,
2/16/2016,78.505,,,,,
2/17/2016,78.525,,,,,
2/18/2016,78.625,,,,,
2/19/2016,78.525,,,,,
2/22/2016,78.595,,,,,
2/23/2016,78.485,,,,,
2/24/2016,78.495,,,,,
2/25/2016,78.475,,,,,
2/26/2016,78.455,,,,,
2/29/2016,78.57,,,,,
3/1/2016,78.445,,,,,
3/2/2016,78.505,,,,,
3/3/2016,78.495,,,,,
3/4/2016,78.485,,,,,
3/7/2016,78.47,,,,,
3/8/2016,78.455,,,,,
3/9/2016,78.445,,,,,
3/10/2016,78.455,,,,,
3/11/2016,78.445,,,,,
3/14/2016,78.425,,,,,
3/15/2016,78.405,,,,,
3/16/2016,78.395,,,,,
3/17/2016,78.385,,,,,
3/18/2016,78.375,,,,,
3/21/2016,78.355,,,,,
3/22/2016,78.335,,,,,
3/23/2016,78.325,,,,,
3/24/2016,78.455,,,,,
3/25/2016,78.455,,,,,
3/28/2016,78.425,,,,,
3/29/2016,78.375,,,,,
3/30/2016,78.375,,,,,
3/31/2016,78.345,,,,,
4/1/2016,78.305,,,,,
4/4/2016,78.285,,,,,
4/5/2016,78.445,,,,,
4/6/2016,78.425,,,,,
4/7/2016,78.395,,,,,
4/8/2016,78.375,,,,,
4/11/2016,78.445,,,,,
4/12/2016,78.385,,,,,
4/13/2016,78.4,,,,,
4/14/2016,78.405,,,,,
4/15/2016,78.395,,,,,
4/18/2016,78.415,,,,,
4/19/2016,78.445,,,,,
4/20/2016,78.425,,,,,
4/21/2016,78.375,,,,,
4/22/2016,78.375,,,,,
4/25/2016,78.355,,,,,
4/26/2016,78.455,,,,,
4/27/2016,78.425,,,,,
4/28/2016,78.445,,,,,
4/29/2016,78.395,,,,,
5/2/2016,78.395,,,,,
5/3/2016,78.425,,,,,
5/4/2016,78.395,,,,,
5/5/2016,78.42,,,,,
5/6/2016,78.395,,,,,
5/9/2016,78.405,,,,,
5/10/2016,78.67,,,,,
5/11/2016,78.67,,,,,
5/12/2016,78.725,,,,,
5/13/2016,78.735,,,,,
5/16/2016,78.725,,,,,
5/17/2016,78.635,,,,,
5/18/2016,78.625,,,,,
5/19/2016,78.705,,,,,
5/20/2016,78.43,,,,,
5/23/2016,78.615,,,,,
5/24/2016,78.64,,,,,
5/25/2016,78.705,,,,,
5/26/2016,78.725,,,,,
5/27/2016,78.545,,,,,
5/30/2016,78.545,,,,,
5/31/2016,78.725,,,,,
6/1/2016,78.57,,,,,
6/2/2016,78.575,,,,,
6/3/2016,78.705,,,,,
6/6/2016,78.725,,,,,
6/7/2016,78.695,,,,,
6/8/2016,78.705,,,,,
6/9/2016,78.69,,,,,
6/10/2016,78.705,,,,,
6/13/2016,78.6,,,,,
6/14/2016,78.6,,,,,
6/15/2016,78.29,,,,,
6/16/2016,78.52,,,,,
6/17/2016,78.645,,,,,
6/20/2016,78.505,,,,,
6/21/2016,78.505,,,,,
6/22/2016,78.525,,,,,
6/23/2016,78.555,,,,,
6/24/2016,78.535,,,,,
6/27/2016,78.565,,,,,
6/28/2016,78.495,,,,,
6/29/2016,78.475,,,,,
6/30/2016,78.455,,,,,
7/1/2016,78.405,,,,,
7/4/2016,78.405,,,,,
7/5/2016,78.375,,,,,
7/6/2016,78.395,,,,,
7/7/2016,78.39,,,,,
7/8/2016,78.405,,,,,
7/11/2016,78.49,,,,,
7/12/2016,78.345,,,,,
7/13/2016,78.505,,,,,
7/14/2016,78.475,,,,,
7/15/2016,78.355,,,,,
7/16/2016,78.425,,,,,
7/18/2016,78.495,,,,,
7/19/2016,78.525,,,,,
7/20/2016,78.445,,,,,
7/21/2016,78.53,,,,,
7/22/2016,78.455,,,,,
7/25/2016,78.47,,,,,
7/26/2016,78.495,,,,,
7/27/2016,78.505,,,,,
7/28/2016,78.515,,,,,
7/29/2016,78.445,,,,,
8/1/2016,78.405,,,,,
8/2/2016,78.355,,,,,
8/3/2016,78.455,,,,,
8/4/2016,78.425,,,,,
8/5/2016,78.435,,,,,
8/8/2016,78.365,,,,,
8/9/2016,78.445,,,,,
8/10/2016,78.425,,,,,
8/11/2016,78.45,,,,,
8/12/2016,78.43,,,,,
8/15/2016,78.465,,,,,
8/16/2016,78.425,,,,,
8/17/2016,78.385,,,,,
8/18/2016,78.395,,,,,
8/19/2016,78.385,,,,,
8/22/2016,78.425,,,,,
8/23/2016,78.37,,,,,
8/24/2016,78.415,,,,,
8/25/2016,78.385,,,,,
8/26/2016,78.385,,,,,
8/29/2016,78.505,,,,,
8/30/2016,78.355,,,,,
8/31/2016,78.475,,,,,
9/1/2016,78.43,,,,,
9/2/2016,78.405,,,,,
9/5/2016,78.405,,,,,
9/6/2016,78.34,,,,,
9/7/2016,78.455,,,,,
9/8/2016,78.355,,,,,
9/9/2016,78.385,,,,,
9/12/2016,78.375,,,,,
9/13/2016,78.385,,,,,
9/14/2016,78.34,,,,,
9/15/2016,78.475,,,,,
9/16/2016,78.415,,,,,
9/19/2016,78.495,,,,,
9/20/2016,78.405,,,,,
9/21/2016,78.385,,,,,
9/22/2016,78.395,,,,,
9/23/2016,78.555,,,,,
9/26/2016,78.515,,,,,
9/27/2016,78.575,,,,,
9/28/2016,78.585,,,,,
9/29/2016,78.505,,,,,
9/30/2016,78.555,,,,,
10/3/2016,78.525,,,,,
10/4/2016,78.52,,,,,
10/5/2016,78.495,,,,,
10/6/2016,78.475,,,,,
10/7/2016,78.435,,,,,
10/10/2016,78.505,,,,,
10/11/2016,78.445,,,,,
10/12/2016,78.415,,,,,
10/13/2016,78.42,,,,,
10/14/2016,78.455,,,,,
10/17/2016,78.505,,,,,
10/18/2016,78.555,,,,,
10/19/2016,78.44,,,,,
10/20/2016,78.475,,,,,
10/21/2016,78.405,,,,,
10/24/2016,78.525,,,,,
10/25/2016,78.515,,,,,
10/26/2016,78.51,,,,,
10/27/2016,78.555,,,,,
10/28/2016,78.445,,,,,
10/31/2016,78.355,,,,,
11/1/2016,78.415,,,,,
11/2/2016,78.525,,,,,
11/3/2016,78.51,,,,,
11/4/2016,78.51,,,,,
11/7/2016,78.55,,,,,
11/8/2016,78.645,,,,,
11/9/2016,78.6,,,,,
11/10/2016,78.615,,,,,
11/11/2016,78.575,,,,,
11/14/2016,78.63,,,,,
11/15/2016,78.875,,,,,
11/16/2016,78.83,,,,,
11/17/2016,78.86,,,,,
11/18/2016,78.775,,,,,
11/21/2016,79.205,,,,,
11/22/2016,79.11,,,,,
11/23/2016,79.33,,,,,
11/24/2016,79.315,,,,,
11/25/2016,79.265,,,,,
11/28/2016,79.255,,,,,
11/29/2016,79.4,,,,,
11/30/2016,79.33,,,,,
12/1/2016,79.595,,,,,
12/2/2016,79.575,,,,,
12/5/2016,79.46,,,,,
12/6/2016,79.625,,,,,
12/7/2016,79.655,,,,,
12/8/2016,79.46,,,,,
12/9/2016,79.715,,,,,
12/12/2016,79.375,,,,,
12/13/2016,79.46,,,,,
12/14/2016,79.475,,,,,
12/15/2016,79.445,,,,,
12/16/2016,79.415,,,,,
12/19/2016,79.255,,,,,
12/20/2016,78.695,,,,,
12/21/2016,79.125,,,,,
12/22/2016,79.075,,,,,
12/23/2016,79.085,,,,,
12/26/2016,79.075,,,,,
12/27/2016,79.05,,,,,
12/28/2016,79.045,,,,,
12/29/2016,79.015,,,,,
12/30/2016,79.045,,,,,
1/2/2017,79.005,,,,,
1/3/2017,79.46,,,,,
1/4/2017,79.17,,,,,
1/5/2017,79.205,,,,,
1/6/2017,79.205,,,,,
1/9/2017,79.075,,,,,
1/10/2017,79.005,,,,,
1/11/2017,79.275,,,,,
1/12/2017,79.265,,,,,
1/13/2017,79.305,,,,,
1/16/2017,79.285,,,,,
1/17/2017,79.225,,,,,
1/18/2017,79.345,,,,,
1/19/2017,79.205,,,,,
1/20/2017,79.325,,,,,
1/23/2017,79.48,,,,,
1/24/2017,79.44,,,,,
1/25/2017,79.375,,,,,
1/26/2017,79.375,,,,,
1/27/2017,79.455,,,,,
1/30/2017,79.455,,,,,
1/31/2017,79.615,,,,,
2/1/2017,79.605,,,,,
2/2/2017,79.68,,,,,
2/3/2017,79.675,,,,,
2/6/2017,79.68,,,,,
2/7/2017,79.665,,,,,
2/8/2017,79.92,,,,,
2/9/2017,79.795,,,,,
2/10/2017,79.795,,,,,
2/13/2017,79.975,,,,,
2/14/2017,79.905,,,,,
2/15/2017,80.015,,,,,
2/16/2017,80.225,,,,,
2/17/2017,80.225,,,,,
2/20/2017,80.205,,,,,
2/21/2017,80.155,,,,,
2/22/2017,80.085,,,,,
2/23/2017,79.895,,,,,
2/24/2017,79.895,,,,,
2/27/2017,79.995,,,,,
2/28/2017,79.695,,,,,
3/1/2017,80.045,,,,,
3/2/2017,80.085,,,,,
3/3/2017,80.125,,,,,
3/6/2017,80.05,,,,,
3/7/2017,80.16,,,,,
3/8/2017,80.265,,,,,
3/9/2017,80.2,,,,,
3/10/2017,80.225,,,,,
3/13/2017,80.275,,,,,
3/14/2017,80.295,,,,,
3/15/2017,80.21,,,,,
3/16/2017,79.645,,,,,
3/17/2017,80.265,,,,,
3/20/2017,80.245,,,,,
3/21/2017,80.205,,,,,
3/22/2017,79.825,,,,,
3/23/2017,80.28,,,,,
3/24/2017,80.325,,,,,
3/27/2017,80.285,,,,,
3/28/2017,80.325,,,,,
3/29/2017,80.325,,,,,
3/30/2017,80.245,,,,,
3/31/2017,80.325,,,,,
4/3/2017,80.375,,,,,
4/4/2017,80.31,,,,,
4/5/2017,80.445,,,,,
4/6/2017,80.64,,,,,
4/7/2017,80.475,,,,,
4/10/2017,80.645,,,,,
4/11/2017,80.645,,,,,
4/12/2017,81.045,,,,,
4/13/2017,81.025,,,,,
4/14/2017,81.005,,,,,
4/17/2017,81.09,,,,,
4/18/2017,81.775,,,,,
4/19/2017,81.895,,,,,
4/20/2017,82.795,,,,,
4/21/2017,82.815,,,,,
4/24/2017,82.935,,,,,
4/25/2017,83.65,,,,,
4/26/2017,84.225,,,,,
4/27/2017,82.295,,,,,
4/28/2017,81.86,,,,,
5/1/2017,82.245,,,,,
5/2/2017,82.445,,,,,
5/3/2017,82.67,,,,,
5/4/2017,81.575,,,,,
5/5/2017,81.555,,,,,
5/8/2017,81.55,,,,,
5/9/2017,81.365,,,,,
5/10/2017,81.6,,,,,
5/11/2017,81.425,,,,,
5/12/2017,81.425,,,,,
5/15/2017,81.405,,,,,
5/16/2017,81.36,,,,,
5/17/2017,80.795,,,,,
5/18/2017,80.685,,,,,
5/19/2017,80.755,,,,,
5/22/2017,80.72,,,,,
5/23/2017,80.73,,,,,
5/24/2017,80.71,,,,,
5/25/2017,80.795,,,,,
5/26/2017,80.775,,,,,
5/29/2017,80.755,,,,,
5/30/2017,80.735,,,,,
5/31/2017,80.805,,,,,
6/1/2017,80.855,,,,,
6/2/2017,80.845,,,,,
6/5/2017,80.815,,,,,
6/6/2017,80.825,,,,,
6/7/2017,80.895,,,,,
6/8/2017,80.905,,,,,
6/9/2017,80.905,,,,,
6/12/2017,80.7,,,,,
6/13/2017,80.845,,,,,
6/14/2017,80.84,,,,,
6/15/2017,80.795,,,,,
6/16/2017,80.865,,,,,
6/19/2017,80.785,,,,,
6/20/2017,80.775,,,,,
6/21/2017,80.815,,,,,
6/22/2017,80.81,,,,,
6/23/2017,80.825,,,,,
6/26/2017,80.825,,,,,
6/27/2017,80.8,,,,,
6/28/2017,80.855,,,,,
6/29/2017,80.83,,,,,
6/30/2017,80.695,,,,,
7/3/2017,80.8,,,,,
7/4/2017,80.675,,,,,
7/5/2017,80.885,,,,,
7/6/2017,81.205,,,,,
7/7/2017,81.145,,,,,
7/10/2017,81.45,,,,,
7/11/2017,81.465,,,,,
7/12/2017,81.395,,,,,
7/13/2017,81.355,,,,,
7/14/2017,81.265,,,,,
7/17/2017,80.895,,,,,
7/18/2017,80.745,,,,,
7/19/2017,80.765,,,,,
7/20/2017,80.705,,,,,
7/21/2017,80.695,,,,,
7/24/2017,80.82,,,,,
7/25/2017,81.22,,,,,
7/26/2017,81.115,,,,,
7/27/2017,80.71,,,,,
7/28/2017,80.695,,,,,
7/31/2017,81.325,,,,,
8/1/2017,81.225,,,,,
8/2/2017,80.755,,,,,
8/3/2017,80.925,,,,,
8/4/2017,80.955,,,,,
8/7/2017,80.755,,,,,
8/8/2017,80.965,,,,,
8/9/2017,80.98,,,,,
8/10/2017,80.875,,,,,
8/11/2017,80.855,,,,,
8/14/2017,80.945,,,,,
8/15/2017,80.755,,,,,
8/16/2017,80.945,,,,,
8/17/2017,81.15,,,,,
8/18/2017,81.155,,,,,
8/21/2017,81.26,,,,,
8/22/2017,81.19,,,,,
8/23/2017,81.12,,,,,
8/24/2017,81.195,,,,,
8/25/2017,81.165,,,,,
8/28/2017,81.125,,,,,
8/29/2017,81.195,,,,,
8/30/2017,81.33,,,,,
8/31/2017,81.225,,,,,
9/1/2017,80.795,,,,,
9/4/2017,81.305,,,,,
9/5/2017,81.345,,,,,
9/6/2017,81.37,,,,,
9/7/2017,81.57,,,,,
9/8/2017,81.555,,,,,
9/11/2017,82.075,,,,,
9/12/2017,81.8,,,,,
9/13/2017,82.045,,,,,
9/14/2017,80.795,,,,,
9/15/2017,80.755,,,,,
9/18/2017,80.815,,,,,
9/19/2017,82.125,,,,,
9/20/2017,80.845,,,,,
9/21/2017,81.975,,,,,
9/22/2017,81.965,,,,,
9/25/2017,81.975,,,,,
9/26/2017,81.47,,,,,
9/27/2017,82.205,,,,,
9/28/2017,81.955,,,,,
9/29/2017,82.28,,,,,
10/2/2017,81.955,,,,,
10/3/2017,81.5,,,,,
10/4/2017,82.11,,,,,
10/5/2017,80.885,,,,,
10/6/2017,81.395,,,,,
10/9/2017,82.045,,,,,
10/10/2017,82.06,,,,,
10/11/2017,81.555,,,,,
10/12/2017,80.895,,,,,
10/13/2017,80.875,,,,,
10/16/2017,80.915,,,,,
10/17/2017,80.89,,,,,
10/18/2017,82.435,,,,,
10/19/2017,82.55,,,,,
10/20/2017,82.575,,,,,
10/23/2017,83.1,,,,,
10/24/2017,82.89,,,,,
10/25/2017,83.1,,,,,
10/26/2017,82.895,,,,,
10/27/2017,82.895,,,,,
10/30/2017,83.16,,,,,
10/31/2017,83.16,,,,,
11/1/2017,82.805,,,,,
11/2/2017,83.175,,,,,
11/3/2017,83.175,,,,,
11/6/2017,83.175,,,,,
11/7/2017,82.84,,,,,
11/8/2017,83.25,,,,,
11/9/2017,82.985,,,,,
11/10/2017,83.325,,,,,
11/13/2017,83.325,,,,,
11/14/2017,83.33,,,,,
11/15/2017,83.4,,,,,
11/16/2017,83.44,,,,,
11/17/2017,83.475,,,,,
11/20/2017,83.195,,,,,
11/21/2017,83.85,,,,,
11/22/2017,83.85,,,,,
11/23/2017,81.425,,,,,
11/24/2017,84.625,,,,,
11/27/2017,84.715,,,,,
11/28/2017,84.955,,,,,
11/29/2017,82.035,,,,,
11/30/2017,82.345,,,,,
12/1/2017,82.325,,,,,
12/4/2017,82.345,,,,,
12/5/2017,82.325,,,,,
12/6/2017,82.49,,,,,
12/7/2017,82.415,,,,,
12/8/2017,82.485,,,,,
12/11/2017,82.475,,,,,
12/12/2017,82.595,,,,,
12/13/2017,82.575,,,,,
12/14/2017,82.605,,,,,
12/15/2017,82.665,,,,,
12/18/2017,82.915,,,,,
12/19/2017,82.67,,,,,
12/20/2017,82.755,,,,,
12/21/2017,82.65,,,,,
12/22/2017,82.785,,,,,
12/25/2017,82.785,,,,,
12/26/2017,82.805,,,,,
12/27/2017,82.795,,,,,
12/28/2017,82.805,,,,,
12/29/2017,82.775,,,,,
1/1/2018,82.775,,,,,
1/2/2018,82.795,,,,,
1/3/2018,82.795,,,,,
1/4/2018,82.795,,,,,
1/5/2018,82.805,,,,,
1/8/2018,82.825,,,,,
1/9/2018,82.855,,,,,
1/10/2018,82.865,,,,,
1/11/2018,82.865,,,,,
1/12/2018,82.875,,,,,
1/15/2018,82.915,,,,,
1/16/2018,82.895,,,,,
1/17/2018,82.805,,,,,
1/18/2018,82.885,,,,,
1/19/2018,82.925,,,,,
1/22/2018,82.965,,,,,
1/23/2018,83.085,,,,,
1/24/2018,83.005,,,,,
1/25/2018,83.005,,,,,
1/26/2018,82.995,,,,,
1/29/2018,83.005,,,,,
1/30/2018,82.995,,,,,
1/31/2018,82.995,,,,,
2/1/2018,82.995,,,,,
2/2/2018,83.005,,,,,
2/5/2018,82.995,,,,,
2/6/2018,83.075,,,,,
2/7/2018,82.915,,,,,
2/8/2018,83.005,,,,,
2/9/2018,83.005,,,,,
2/12/2018,83.005,,,,,
2/13/2018,83.14,,,,,
2/14/2018,82.975,,,,,
2/15/2018,83.14,,,,,
2/16/2018,83.005,,,,,
2/19/2018,83.005,,,,,
2/20/2018,83.055,,,,,
2/21/2018,83.035,,,,,
2/22/2018,83.02,,,,,
2/23/2018,83.005,,,,,
2/26/2018,83.005,,,,,
2/27/2018,83.015,,,,,
2/28/2018,83.045,,,,,
3/1/2018,83.015,,,,,
3/2/2018,83.025,,,,,
3/5/2018,83.025,,,,,
3/6/2018,83.035,,,,,
3/7/2018,83.025,,,,,
3/8/2018,83.025,,,,,
3/9/2018,83.005,,,,,
3/12/2018,83.035,,,,,
3/13/2018,83.005,,,,,
3/14/2018,83.025,,,,,
3/15/2018,83.005,,,,,
3/16/2018,83.18,,,,,
3/19/2018,83.025,,,,,
3/20/2018,83.025,,,,,
3/21/2018,83.005,,,,,
3/22/2018,83.025,,,,,
3/23/2018,83.015,,,,,
3/26/2018,83.045,,,,,
3/27/2018,83.045,,,,,
3/28/2018,84.005,,,,,
3/29/2018,83.035,,,,,
3/30/2018,83.035,,,,,
4/2/2018,83.045,,,,,
4/3/2018,83.045,,,,,
4/4/2018,83.005,,,,,
4/5/2018,83,,,,,
4/6/2018,83.025,,,,,
4/9/2018,83.045,,,,,
4/10/2018,82.95,,,,,
4/11/2018,83.045,,,,,
4/12/2018,83.04,,,,,
4/13/2018,83.005,,,,,
4/16/2018,83.025,,,,,
4/17/2018,83.005,,,,,
4/18/2018,83.015,,,,,
4/19/2018,83.055,,,,,
4/20/2018,83.045,,,,,
4/23/2018,84.55,,,,,
4/24/2018,84.55,,,,,
4/25/2018,84.6,,,,,
4/26/2018,84.6,,,,,
4/27/2018,84.6,,,,,
4/30/2018,84.6,,,,,
5/1/2018,84.6,,,,,
5/2/2018,84.6,,,,,
5/3/2018,84.725,,,,,
5/4/2018,84.725,,,,,
5/7/2018,83.025,,,,,
5/8/2018,84.725,,,,,
5/9/2018,84.725,,,,,
5/10/2018,84.725,,,,,
5/11/2018,84.725,,,,,
5/14/2018,83.155,,,,,
5/15/2018,84.175,,,,,
5/16/2018,84.8,,,,,
5/17/2018,84.8,,,,,
5/18/2018,84.8,,,,,
5/21/2018,84.8,,,,,
5/22/2018,83.785,,,,,
5/23/2018,83.765,,,,,
5/24/2018,84.5,,,,,
5/25/2018,84.5,,,,,
5/28/2018,84.5,,,,,
5/29/2018,84.5,,,,,
5/30/2018,83.785,,,,,
5/31/2018,84.5,,,,,
6/1/2018,84.5,,,,,
6/4/2018,84.65,,,,,
6/5/2018,84.65,,,,,
6/6/2018,83.795,,,,,
6/7/2018,84.65,,,,,
6/8/2018,84.65,,,,,
6/11/2018,84.65,,,,,
6/12/2018,84.525,,,,,
6/13/2018,84.525,,,,,
6/14/2018,84.6,,,,,
6/15/2018,84.5,,,,,
6/18/2018,84.5,,,,,
6/19/2018,84.5,,,,,
6/20/2018,84.5,,,,,
6/21/2018,84.5,,,,,
6/22/2018,84.5,,,,,
6/25/2018,84.5,,,,,
6/26/2018,84.5,,,,,
6/27/2018,84.5,,,,,
6/28/2018,83.75,,,,,
6/29/2018,83.735,,,,,
7/2/2018,83.795,,,,,
7/3/2018,83.825,,,,,
7/4/2018,83.825,,,,,
7/5/2018,83.965,,,,,
7/6/2018,83.795,,,,,
7/9/2018,83.9,,,,,
7/10/2018,83.795,,,,,
7/11/2018,83.795,,,,,
7/12/2018,83.805,,,,,
7/13/2018,83.795,,,,,
7/16/2018,84.5,,,,,
7/17/2018,84.5,,,,,
7/18/2018,84.5,,,,,
7/19/2018,84.5,,,,,
7/20/2018,84.5,,,,,
7/23/2018,84.5,,,,,
7/24/2018,84.5,,,,,
7/25/2018,84.5,,,,,
7/26/2018,84.5,,,,,
7/27/2018,84.5,,,,,
7/30/2018,84.5,,,,,
7/31/2018,84.5,,,,,
8/1/2018,84.5,,,,,
8/2/2018,84.5,,,,,
8/3/2018,84.5,,,,,
8/6/2018,84.5,,,,,
8/7/2018,84.5,,,,,
8/8/2018,84.5,,,,,
8/9/2018,84.5,,,,,
8/10/2018,84.5,,,,,
8/13/2018,84.5,,,,,
8/14/2018,84.5,,,,,
8/15/2018,84.5,,,,,
8/16/2018,84.025,,,,,
8/17/2018,83.805,,,,,
8/20/2018,83.805,,,,,
8/21/2018,83.805,,,,,
8/22/2018,83.805,,,,,
8/23/2018,83.95,,,,,
8/24/2018,83.9,,,,,
8/27/2018,83.815,,,,,
8/28/2018,83.77,,,,,
8/29/2018,83.81,,,,,
8/30/2018,83.805,,,,,
8/31/2018,83.67,,,,,
9/3/2018,83.67,,,,,
9/4/2018,83.52,,,,,
9/5/2018,83.68,,,,,
9/6/2018,83.61,,,,,
9/7/2018,83.68,,,,,
9/10/2018,83.58,,,,,
9/11/2018,83.59,,,,,
9/12/2018,83.6,,,,,
9/13/2018,83.69,,,,,
9/14/2018,83.69,,,,,
9/17/2018,83.69,,,,,
9/18/2018,83.78,,,,,
9/19/2018,83.7,,,,,
9/20/2018,83.68,,,,,
9/21/2018,83.68,,,,,
9/24/2018,83.58,,,,,
9/25/2018,83.62,,,,,
9/26/2018,83.64,,,,,
9/27/2018,83.59,,,,,
9/28/2018,83.61,,,,,
10/1/2018,83.68,,,,,
10/2/2018,83.74,,,,,
10/3/2018,83.68,,,,,
10/4/2018,83.55,,,,,
10/5/2018,83.68,,,,,
10/8/2018,83.68,,,,,
10/9/2018,83.69,,,,,
10/10/2018,83.57,,,,,
10/11/2018,83.62,,,,,
10/12/2018,83.7,,,,,
10/15/2018,83.68,,,,,
10/16/2018,83.67,,,,,
10/17/2018,83.69,,,,,
10/18/2018,84.75,,,,,
10/19/2018,84.75,,,,,
10/22/2018,84.6,,,,,
10/23/2018,84.95,,,,,
10/24/2018,85,,,,,
10/25/2018,85.05,,,,,
10/26/2018,85.05,,,,,
10/29/2018,84.78,,,,,
10/30/2018,85.02,,,,,
10/31/2018,83.77,,,,,
11/1/2018,83.7,,,,,
11/2/2018,83.67,,,,,
11/5/2018,83.74,,,,,
11/6/2018,83.42,,,,,
11/7/2018,83.52,,,,,
11/8/2018,83.61,,,,,
11/9/2018,83.13,,,,,
11/12/2018,83.82,,,,,
11/13/2018,83.36,,,,,
11/14/2018,83.64,,,,,
11/15/2018,83.6,,,,,
11/16/2018,83.6,,,,,
11/19/2018,83.63,,,,,
11/20/2018,83.15,,,,,
11/21/2018,83.07,,,,,
11/22/2018,83.88,,,,,
11/23/2018,83.89,,,,,
11/26/2018,83.72,,,,,
11/27/2018,83.48,,,,,
11/28/2018,83.74,,,,,
11/29/2018,83.65,,,,,
11/30/2018,84.7,,,,,
12/3/2018,83.88,,,,,
12/4/2018,83.08,,,,,
12/5/2018,83.24,,,,,
12/6/2018,83.48,,,,,
12/7/2018,83.16,,,,,
12/10/2018,83.49,,,,,
12/11/2018,83.5,,,,,
12/12/2018,83.56,,,,,
12/13/2018,83.66,,,,,
12/14/2018,83.34,,,,,
12/17/2018,83.72,,,,,
12/18/2018,83.48,,,,,
12/19/2018,83.56,,,,,
12/20/2018,83.24,,,,,
12/21/2018,83.4,,,,,
12/24/2018,83.44,,,,,
12/25/2018,83.715,,,,,
12/26/2018,83.48,,,,,
12/27/2018,83.45,,,,,
12/28/2018,83.13,,,,,
12/31/2018,83.61,,,,,
1/1/2019,83.85,,,,,
1/2/2019,83.45,,,,,
1/3/2019,83.63,,,,,
1/4/2019,83.48,,,,,
1/7/2019,83.58,,,,,
1/8/2019,83.42,,,,,
1/9/2019,83.18,,,,,
1/10/2019,83.42,,,,,
1/11/2019,83.26,,,,,
1/14/2019,83.5,,,,,
1/15/2019,83.42,,,,,
1/16/2019,83.42,,,,,
1/17/2019,83.18,,,,,
1/18/2019,83.65,,,,,
1/21/2019,83.94,,,,,
1/22/2019,83.66,,,,,
1/23/2019,83.26,,,,,
1/24/2019,83.42,,,,,
1/25/2019,83.26,,,,,
1/28/2019,83.78,,,,,
1/29/2019,83.61,,,,,
1/30/2019,83.58,,,,,
1/31/2019,83.26,,,,,
2/1/2019,83.18,,,,,
2/4/2019,83.66,,,,,
2/5/2019,83.74,,,,,
2/6/2019,83.5,,,,,
2/7/2019,83.58,,,,,
2/8/2019,83.26,,,,,
2/11/2019,83.34,,,,,
2/12/2019,83.6,,,,,
2/13/2019,83.52,,,,,
2/14/2019,83.47,,,,,
2/15/2019,83.925,,,,,
2/18/2019,84.1,,,,,
2/19/2019,84.1,,,,,
2/20/2019,84.1,,,,,
2/21/2019,83.54,,,,,
2/22/2019,84.005,,,,,
2/25/2019,83.56,,,,,
2/26/2019,83.64,,,,,
2/27/2019,83.4,,,,,
2/28/2019,83.87,,,,,
3/1/2019,83.87,,,,,
3/4/2019,83.77,,,,,
3/5/2019,83.56,,,,,
3/6/2019,83.8,,,,,
3/7/2019,83.4,,,,,
3/8/2019,83.32,,,,,
3/11/2019,83.35,,,,,
3/12/2019,83.67,,,,,
3/13/2019,83.72,,,,,
3/14/2019,83.64,,,,,
3/15/2019,83.95,,,,,
3/18/2019,83.68,,,,,
3/19/2019,83.68,,,,,
3/20/2019,83.51,,,,,
3/21/2019,83.44,,,,,
3/22/2019,83.915,,,,,
3/25/2019,83.44,,,,,
3/26/2019,83.94,,,,,
3/27/2019,83.51,,,,,
3/28/2019,83.76,,,,,
3/29/2019,83.44,,,,,
4/1/2019,83.6,,,,,
4/2/2019,83.77,,,,,
4/3/2019,83.85,,,,,
4/4/2019,83.57,,,,,
4/5/2019,83.41,,,,,
4/8/2019,83.97,,,,,
4/9/2019,83.62,,,,,
4/10/2019,83.78,,,,,
4/11/2019,83.62,,,,,
4/12/2019,84.095,,,,,
4/15/2019,84.02,,,,,
4/16/2019,83.94,,,,,
4/17/2019,84.34,,,,,
4/18/2019,83.94,,,,,
4/19/2019,83.62,,,,,
4/22/2019,83.94,,,,,
4/23/2019,83.86,,,,,
4/24/2019,83.65,,,,,
4/25/2019,83.55,,,,,
4/26/2019,84.035,,,,,
4/29/2019,84.44,,,,,
4/30/2019,83.8,,,,,
5/1/2019,84.265,,,,,
5/2/2019,84.27,,,,,
5/3/2019,84.27,,,,,
5/6/2019,84.44,,,,,
5/7/2019,84.17,,,,,
5/8/2019,84.33,,,,,
5/9/2019,84.17,,,,,
5/10/2019,83.69,,,,,
5/13/2019,84.01,,,,,
5/14/2019,83.93,,,,,
5/15/2019,83.69,,,,,
5/16/2019,83.84,,,,,
5/17/2019,83.76,,,,,
5/20/2019,83.93,,,,,
5/21/2019,84.01,,,,,
5/22/2019,83.85,,,,,
5/23/2019,83.85,,,,,
5/24/2019,83.77,,,,,
5/27/2019,84.49,,,,,
5/28/2019,83.77,,,,,
5/29/2019,84.17,,,,,
5/30/2019,83.93,,,,,
5/31/2019,84.41,,,,,
6/3/2019,84.25,,,,,
6/4/2019,84.09,,,,,
6/5/2019,84.16,,,,,
6/6/2019,84.08,,,,,
6/7/2019,84.08,,,,,
6/10/2019,84.27,,,,,
6/11/2019,84.27,,,,,
6/12/2019,84.49,,,,,
6/13/2019,84.42,,,,,
6/14/2019,84.42,,,,,
6/17/2019,84.42,,,,,
6/18/2019,84.42,,,,,
6/19/2019,84.42,,,,,
6/20/2019,84.41,,,,,
6/21/2019,84.41,,,,,
6/24/2019,84.42,,,,,
6/25/2019,84.42,,,,,
6/26/2019,84.42,,,,,
6/27/2019,84.49,,,,,
6/28/2019,84.495,,,,,
7/1/2019,84.42,,,,,
7/2/2019,84.42,,,,,
7/3/2019,84.49,,,,,
7/4/2019,84.49,,,,,
7/5/2019,84.495,,,,,
7/8/2019,84.42,,,,,
7/9/2019,84.41,,,,,
7/10/2019,84.42,,,,,
7/11/2019,84.49,,,,,
7/12/2019,84.495,,,,,
7/15/2019,84.42,,,,,
7/16/2019,84.41,,,,,
7/17/2019,84.41,,,,,
7/18/2019,84.25,,,,,
7/19/2019,84.25,,,,,
7/22/2019,84.25,,,,,
7/23/2019,84.24,,,,,
7/24/2019,84.25,,,,,
7/25/2019,84.24,,,,,
7/26/2019,84.24,,,,,
7/29/2019,84.17,,,,,
7/30/2019,84.17,,,,,
7/31/2019,84.25,,,,,
8/1/2019,84.25,,,,,
8/2/2019,84.25,,,,,
8/5/2019,84.25,,,,,
8/6/2019,84.25,,,,,
8/7/2019,84.25,,,,,
8/8/2019,84.25,,,,,
8/9/2019,84.25,,,,,
8/12/2019,84.25,,,,,
8/13/2019,84.25,,,,,
8/14/2019,84.25,,,,,
8/15/2019,84.25,,,,,
8/16/2019,84.25,,,,,
8/19/2019,84.25,,,,,
8/20/2019,84.25,,,,,
8/21/2019,84.25,,,,,
8/22/2019,84.25,,,,,
8/23/2019,84.25,,,,,
8/26/2019,84.49,,,,,
8/27/2019,84.49,,,,,
8/28/2019,84.49,,,,,
8/29/2019,84.49,,,,,
8/30/2019,84.495,,,,,
9/2/2019,84.49,,,,,
9/3/2019,84.25,,,,,
9/4/2019,84.49,,,,,
9/5/2019,84.25,,,,,
9/6/2019,84.51,,,,,
9/9/2019,84.25,,,,,
9/10/2019,84.25,,,,,
9/11/2019,84.25,,,,,
9/12/2019,84.25,,,,,
9/13/2019,84.25,,,,,
9/16/2019,84.25,,,,,
9/17/2019,84.25,,,,,
9/18/2019,84.25,,,,,
9/19/2019,84.25,,,,,
9/20/2019,84.25,,,,,
9/23/2019,84.25,,,,,
9/24/2019,84.25,,,,,
9/25/2019,84.25,,,,,
9/26/2019,84.25,,,,,
9/27/2019,84.55,,,,,
9/30/2019,84.49,,,,,
10/1/2019,84.49,,,,,
10/2/2019,84.25,,,,,
10/3/2019,84.25,,,,,
10/4/2019,84.25,,,,,
10/7/2019,84.25,,,,,
10/8/2019,84.25,,,,,
10/9/2019,84.25,,,,,
10/10/2019,84.5,,,,,
10/11/2019,84.5,,,,,
10/14/2019,84.69,,,,,
10/15/2019,84.5,,,,,
10/16/2019,84.5,,,,,
10/17/2019,84.5,,,,,
10/18/2019,84.5,,,,,
10/21/2019,84.5,,,,,
10/22/2019,84.5,,,,,
10/23/2019,84.5,,,,,
10/24/2019,84.5,,,,,
10/25/2019,84.5,,,,,
10/28/2019,84.5,,,,,
10/29/2019,84.5,,,,,
10/30/2019,84.5,,,,,
10/31/2019,84.5,,,,,
11/1/2019,84.5,,,,,
11/4/2019,84.6,,,,,
11/5/2019,84.74,,,,,
11/6/2019,84.74,,,,,
11/7/2019,84.74,,,,,
11/8/2019,84.745,,,,,
11/11/2019,84.74,,,,,
11/12/2019,84.6,,,,,
11/13/2019,84.6,,,,,
11/14/2019,84.6,,,,,
11/15/2019,84.6,,,,,
11/18/2019,84.6,,,,,
11/19/2019,84.6,,,,,
11/20/2019,84.6,,,,,
11/21/2019,84.6,,,,,
11/22/2019,84.6,,,,,
11/25/2019,84.6,,,,,
11/26/2019,84.6,,,,,
11/27/2019,84.6,,,,,
11/28/2019,84.89,,,,,
11/29/2019,84.895,,,,,
12/2/2019,84.65,,,,,
12/3/2019,84.6,,,,,
12/4/2019,84.6,,,,,
12/5/2019,84.6,,,,,
12/6/2019,84.6,,,,,
12/9/2019,84.6,,,,,
12/10/2019,84.6,,,,,
12/11/2019,84.6,,,,,
12/12/2019,84.6,,,,,
12/13/2019,84.6,,,,,
12/16/2019,84.6,,,,,
12/17/2019,84.6,,,,,
12/18/2019,84.6,,,,,
12/19/2019,84.89,,,,,
12/20/2019,84.895,,,,,
12/23/2019,84.62,,,,,
12/24/2019,84.6,,,,,
12/25/2019,84.85,,,,,
12/26/2019,84.6,,,,,
12/27/2019,84.93,,,,,
12/30/2019,84.89,,,,,
12/31/2019,84.89,,,,,
1/1/2020,84.89,,,,,
1/2/2020,84.6,,,,,
1/3/2020,84.6,,,,,
1/6/2020,84.6,,,,,
1/7/2020,84.6,,,,,
1/8/2020,84.6,,,,,
1/9/2020,84.6,,,,,
1/10/2020,84.6,,,,,
1/13/2020,84.89,,,,,
1/14/2020,84.6,,,,,
1/15/2020,84.6,,,,,
1/16/2020,84.6,,,,,
1/17/2020,84.8,,,,,
1/20/2020,84.89,,,,,
1/21/2020,84.89,,,,,
1/22/2020,84.6,,,,,
1/23/2020,84.6,,,,,
1/24/2020,84.6,,,,,
1/27/2020,84.6,,,,,
1/28/2020,84.6,,,,,
1/29/2020,84.6,,,,,
1/30/2020,84.6,,,,,
1/31/2020,84.6,,,,,
2/3/2020,84.6,,,,,
2/4/2020,84.65,,,,,
2/5/2020,84.7,,,,,
2/6/2020,84.65,,,,,
2/7/2020,84.65,,,,,
2/10/2020,84.65,,,,,
2/11/2020,84.65,,,,,
2/12/2020,84.65,,,,,
2/13/2020,84.65,,,,,
2/14/2020,84.65,,,,,
2/17/2020,84.94,,,,,
2/18/2020,84.65,,,,,
2/19/2020,84.65,,,,,
2/20/2020,84.65,,,,,
2/21/2020,84.65,,,,,
2/24/2020,84.65,,,,,
2/25/2020,84.65,,,,,
2/26/2020,84.7,,,,,
2/27/2020,84.65,,,,,
2/28/2020,84.65,,,,,
3/2/2020,84.65,,,,,
3/3/2020,84.65,,,,,
3/4/2020,84.65,,,,,
3/5/2020,84.65,,,,,
3/6/2020,84.65,,,,,
3/9/2020,84.65,,,,,
3/10/2020,84.94,,,,,
3/11/2020,84.94,,,,,
3/12/2020,84.69,,,,,
3/13/2020,84.65,,,,,
3/16/2020,84.65,,,,,
3/17/2020,84.65,,,,,
3/18/2020,84.69,,,,,
3/19/2020,84.65,,,,,
3/20/2020,84.65,,,,,
3/23/2020,84.65,,,,,
3/24/2020,84.65,,,,,
3/25/2020,84.67,,,,,
3/26/2020,84.67,,,,,
3/27/2020,84.67,,,,,
3/30/2020,84.67,,,,,
3/31/2020,84.67,,,,,
4/1/2020,84.67,,,,,
4/2/2020,84.67,,,,,
4/3/2020,84.67,,,,,
4/6/2020,84.65,,,,,
4/7/2020,84.65,,,,,
4/8/2020,84.65,,,,,
4/9/2020,84.65,,,,,
4/13/2020,84.65,,,,,
4/14/2020,84.65,,,,,
4/15/2020,84.73,,,,,
4/16/2020,84.73,,,,,
4/17/2020,84.73,,,,,
4/20/2020,84.73,,,,,
4/21/2020,84.73,,,,,
4/22/2020,84.73,,,,,
4/23/2020,84.76,,,,,
4/24/2020,84.76,,,,,
4/27/2020,84.73,,,,,
4/28/2020,84.73,,,,,
4/29/2020,84.73,,,,,
4/30/2020,84.78,,,,,
5/1/2020,84.78,,,,,
5/4/2020,84.73,,,,,
5/5/2020,84.73,,,,,
5/6/2020,84.73,,,,,
5/7/2020,84.76,,,,,
5/8/2020,84.76,,,,,
5/11/2020,84.73,,,,,
5/12/2020,84.73,,,,,
5/13/2020,84.73,,,,,
5/14/2020,84.73,,,,,
5/15/2020,84.73,,,,,
5/18/2020,84.94,,,,,
5/19/2020,84.73,,,,,
5/20/2020,84.73,,,,,
5/21/2020,84.73,,,,,
5/22/2020,84.73,,,,,
5/26/2020,84.73,,,,,
5/27/2020,84.78,,,,,
5/28/2020,84.73,,,,,
5/29/2020,84.73,,,,,
6/1/2020,84.73,,,,,
6/2/2020,84.78,,,,,
6/3/2020,84.73,,,,,
6/4/2020,84.73,,,,,
6/5/2020,84.73,,,,,
6/8/2020,84.73,,,,,
6/9/2020,84.73,,,,,
6/10/2020,84.73,,,,,
6/11/2020,84.94,,,,,
6/15/2020,84.73,,,,,
6/16/2020,84.73,,,,,
6/17/2020,84.73,,,,,
6/18/2020,84.73,,,,,
6/19/2020,84.73,,,,,
6/22/2020,84.73,,,,,
6/23/2020,84.73,,,,,
6/24/2020,84.73,,,,,
6/25/2020,84.73,,,,,
6/26/2020,84.73,,,,,
6/29/2020,84.73,,,,,
6/30/2020,84.73,,,,,
7/2/2020,84.84,,,,,
7/6/2020,84.73,,,,,
7/7/2020,84.79,,,,,
7/8/2020,84.73,,,,,
7/9/2020,84.73,,,,,
7/10/2020,84.73,,,,,
7/13/2020,84.63,,,,,
7/14/2020,84.63,,,,,
7/15/2020,84.63,,,,,
7/16/2020,84.63,,,,,
7/17/2020,84.63,,,,,
7/20/2020,84.63,,,,,
7/21/2020,84.63,,,,,
7/22/2020,84.63,,,,,
7/23/2020,84.63,,,,,
7/24/2020,84.63,,,,,
7/27/2020,84.63,,,,,
7/28/2020,84.63,,,,,
7/29/2020,84.63,,,,,
7/30/2020,84.63,,,,,
7/31/2020,84.63,,,,,
8/3/2020,84.63,,,,,
8/4/2020,84.63,,,,,
8/5/2020,84.63,,,,,
8/6/2020,84.63,,,,,
8/7/2020,84.63,,,,,
8/10/2020,84.63,,,,,
8/11/2020,84.63,,,,,
8/12/2020,84.63,,,,,
8/13/2020,84.63,,,,,
8/17/2020,84.63,,,,,
8/18/2020,84.63,,,,,
8/19/2020,84.63,,,,,
8/20/2020,84.63,,,,,
8/21/2020,84.63,,,,,
8/24/2020,84.63,,,,,
8/25/2020,84.63,,,,,
8/26/2020,84.63,,,,,
8/27/2020,84.63,,,,,
8/28/2020,84.63,,,,,
8/31/2020,84.63,,,,,
9/1/2020,84.63,,,,,
9/2/2020,84.63,,,,,
9/3/2020,84.63,,,,,
9/4/2020,84.63,,,,,
9/7/2020,84.8,,,,,
9/8/2020,84.63,,,,,
9/9/2020,84.63,,,,,
9/10/2020,84.63,,,,,
9/11/2020,84.63,,,,,
9/14/2020,84.63,,,,,
9/15/2020,84.63,,,,,
9/16/2020,84.63,,,,,
9/17/2020,84.8,,,,,
9/18/2020,84.63,,,,,
9/21/2020,84.63,,,,,
9/22/2020,84.63,,,,,
9/23/2020,84.63,,,,,
9/24/2020,84.63,,,,,
9/25/2020,84.63,,,,,
9/28/2020,84.63,,,,,
9/29/2020,84.63,,,,,
9/30/2020,84.79,,,,,
10/1/2020,84.63,,,,,
10/2/2020,84.63,,,,,
10/5/2020,84.63,,,,,
10/6/2020,84.63,,,,,
10/7/2020,84.63,,,,,
10/8/2020,84.63,,,,,
10/9/2020,84.63,,,,,
10/12/2020,84.79,,,,,
10/13/2020,84.63,,,,,
10/14/2020,84.63,,,,,
10/15/2020,84.63,,,,,
10/16/2020,84.63,,,,,
10/19/2020,84.63,,,,,
10/20/2020,84.63,,,,,
10/21/2020,84.63,,,,,
10/22/2020,84.63,,,,,
10/23/2020,84.63,,,,,
10/26/2020,84.63,,,,,
10/27/2020,84.46,,,,,
10/28/2020,84.15,,,,,
10/29/2020,84.57,,,,,
10/30/2020,84.29,,,,,
11/2/2020,84.17,,,,,
11/3/2020,84.79,,,,,
11/4/2020,84.22,,,,,
11/5/2020,84.43,,,,,
11/6/2020,84.37,,,,,
11/9/2020,84.43,,,,,
11/10/2020,84.39,,,,,
11/11/2020,84.4,,,,,
11/12/2020,84.37,,,,,
11/13/2020,84.41,,,,,
11/16/2020,84.45,,,,,
11/17/2020,84.2,,,,,
11/18/2020,84.29,,,,,
11/19/2020,84.33,,,,,
11/20/2020,84.565,,,,,
11/23/2020,84.41,,,,,
11/24/2020,84.45,,,,,
11/25/2020,84.46,,,,,
11/26/2020,84.79,,,,,
11/27/2020,84.45,,,,,
11/30/2020,84.46,,,,,
12/1/2020,84.36,,,,,
12/2/2020,84.36,,,,,
12/3/2020,84.39,,,,,
12/4/2020,84.18,,,,,
12/7/2020,84.45,,,,,
12/8/2020,84.4,,,,,
12/9/2020,84.46,,,,,
12/10/2020,84.45,,,,,
12/11/2020,84.5,,,,,
12/14/2020,84.39,,,,,
12/15/2020,84.54,,,,,
12/16/2020,84.43,,,,,
12/17/2020,84.63,,,,,
12/18/2020,84.18,,,,,
12/21/2020,84.32,,,,,
12/22/2020,84.37,,,,,
12/23/2020,84.45,,,,,
12/24/2020,84.51,,,,,
12/28/2020,84.49,,,,,
12/29/2020,84.46,,,,,
12/30/2020,84.45,,,,,
12/31/2020,84.27,,,,,
1/1/2021,85.069,,,,,
1/4/2021,84.25,,,,,
1/5/2021,84.29,,,,,
1/6/2021,84.79,,,,,
1/7/2021,84.33,,,,,
1/8/2021,84.33,,,,,
1/11/2021,84.28,,,,,
1/12/2021,84.29,,,,,
1/13/2021,84.15,,,,,
1/14/2021,84.28,,,,,
1/18/2021,84.8,,,,,
1/19/2021,84.28,,,,,
1/20/2021,84.29,,,,,
1/21/2021,84.79,,,,,
1/22/2021,84.15,,,,,
1/25/2021,84.29,,,,,
1/26/2021,84.13,,,,,
1/27/2021,84.58,,,,,
1/28/2021,84.54,,,,,
1/29/2021,84.37,,,,,
2/1/2021,84.79,,,,,
2/2/2021,84.45,,,,,
2/3/2021,84.28,,,,,
2/4/2021,84.54,,,,,
2/5/2021,84.03,,,,,
2/8/2021,84.44,,,,,
2/9/2021,84.37,,,,,
2/10/2021,84.79,,,,,
2/11/2021,84.54,,,,,
2/12/2021,84.22,,,,,
2/15/2021,84.63,,,,,
2/16/2021,84.11,,,,,
2/17/2021,84.56,,,,,
2/18/2021,84.44,,,,,
2/19/2021,84.27,,,,,
2/22/2021,84.17,,,,,
2/23/2021,84.37,,,,,
2/24/2021,84.62,,,,,
2/25/2021,84.79,,,,,
2/26/2021,84.62,,,,,
3/1/2021,84.06,,,,,
3/2/2021,84.45,,,,,
3/3/2021,84.45,,,,,
3/4/2021,84.79,,,,,
3/5/2021,84.62,,,,,
3/8/2021,84.59,,,,,
3/9/2021,84.59,,,,,
3/10/2021,84.54,,,,,
3/11/2021,84.54,,,,,
3/12/2021,84.6,,,,,
3/15/2021,84.45,,,,,
3/16/2021,84.79,,,,,
3/18/2021,84.18,,,,,
3/19/2021,84.14,,,,,
3/22/2021,84.39,,,,,
3/23/2021,84.37,,,,,
3/24/2021,84.56,,,,,
3/25/2021,84.45,,,,,
3/26/2021,84.03,,,,,
3/29/2021,84.62,,,,,
3/30/2021,84.45,,,,,
3/31/2021,84.37,,,,,
4/1/2021,84.54,,,,,
4/2/2021,84.2,,,,,
4/5/2021,84.39,,,,,
4/6/2021,84.62,,,,,
4/7/2021,84.62,,,,,
4/8/2021,84.43,,,,,
4/9/2021,84.16,,,,,
4/12/2021,84.35,,,,,
4/13/2021,84.62,,,,,
4/15/2021,84.62,,,,,
4/16/2021,84.28,,,,,
4/19/2021,84.51,,,,,
4/20/2021,84.51,,,,,
4/21/2021,84.39,,,,,
4/22/2021,84.51,,,,,
4/23/2021,84.17,,,,,
4/26/2021,84.62,,,,,
4/27/2021,84.62,,,,,
4/28/2021,84.62,,,,,
4/29/2021,84.62,,,,,
4/30/2021,84.28,,,,,
5/3/2021,84.62,,,,,
5/4/2021,84.62,,,,,
5/5/2021,84.29,,,,,
5/6/2021,84.62,,,,,
5/7/2021,84.28,,,,,
5/10/2021,84.45,,,,,
5/11/2021,84.39,,,,,
5/12/2021,84.62,,,,,
5/13/2021,84.45,,,,,
5/14/2021,84.06,,,,,
5/17/2021,84.51,,,,,
5/18/2021,84.51,,,,,
5/19/2021,84.62,,,,,
5/20/2021,84.62,,,,,
5/21/2021,84.27,,,,,
5/24/2021,84.39,,,,,
5/25/2021,84.51,,,,,
5/26/2021,84.23,,,,,
5/27/2021,84.62,,,,,
5/28/2021,84.28,,,,,
5/31/2021,84.54,,,,,
6/1/2021,84.4,,,,,
6/2/2021,84.62,,,,,
6/3/2021,84.39,,,,,
6/4/2021,84.01,,,,,
6/7/2021,84.28,,,,,
6/8/2021,84.45,,,,,
6/9/2021,84.51,,,,,
6/10/2021,84.8,,,,,
6/11/2021,84.34,,,,,
6/14/2021,84.39,,,,,
6/15/2021,84.62,,,,,
6/16/2021,84.63,,,,,
6/17/2021,84.62,,,,,
6/18/2021,84.45,,,,,
6/21/2021,84.51,,,,,
6/22/2021,84.39,,,,,
6/23/2021,84.36,,,,,
6/24/2021,84.51,,,,,
6/25/2021,84.2,,,,,
6/28/2021,84.44,,,,,
6/29/2021,84.63,,,,,
6/30/2021,84.57,,,,,
7/1/2021,84.4,,,,,
7/2/2021,84.34,,,,,
7/5/2021,84.63,,,,,
7/6/2021,84.42,,,,,
7/7/2021,84.63,,,,,
7/8/2021,84.63,,,,,
7/9/2021,84.12,,,,,
7/12/2021,84.51,,,,,
7/13/2021,84.8,,,,,
7/14/2021,84.8,,,,,
7/15/2021,84.8,,,,,
7/19/2021,84.79,,,,,
7/22/2021,84.62,,,,,
7/23/2021,84.14,,,,,
7/26/2021,84.8,,,,,
7/27/2021,84.8,,,,,
7/28/2021,84.42,,,,,
7/29/2021,84.46,,,,,
7/30/2021,84.25,,,,,
8/2/2021,84.8,,,,,
8/3/2021,84.81,,,,,
8/5/2021,84.21,,,,,
8/6/2021,84.17,,,,,
8/9/2021,84.48,,,,,
8/10/2021,84.47,,,,,
8/11/2021,84.33,,,,,
8/12/2021,84.25,,,,,
8/13/2021,84.08,,,,,
8/16/2021,84.36,,,,,
8/17/2021,84.58,,,,,
8/18/2021,84.58,,,,,
8/19/2021,84.88,,,,,
8/20/2021,84.48,,,,,
8/23/2021,84.81,,,,,
8/24/2021,84.74,,,,,
8/25/2021,84.79,,,,,
8/26/2021,85.25,,,,,
8/27/2021,84.91,,,,,
8/30/2021,84.69,,,,,
8/31/2021,85.03,,,,,
9/1/2021,84.64,,,,,
9/2/2021,84.98,,,,,
9/6/2021,85.15,,,,,
9/7/2021,84.54,,,,,
9/8/2021,84.81,,,,,
9/9/2021,84.81,,,,,
9/10/2021,84.49,,,,,
9/13/2021,84.98,,,,,
9/14/2021,85.2,,,,,
9/15/2021,84.74,,,,,
9/16/2021,85.25,,,,,
9/17/2021,84.74,,,,,
9/20/2021,84.63,,,,,
9/21/2021,84.98,,,,,
9/22/2021,85.18,,,,,
9/23/2021,84.91,,,,,
9/24/2021,84.61,,,,,
9/27/2021,84.75,,,,,
9/28/2021,85.09,,,,,
9/29/2021,85.29,,,,,
9/30/2021,85.6,,,,,
10/1/2021,85.26,,,,,
10/4/2021,85.24,,,,,
10/5/2021,85.53,,,,,
10/6/2021,85.46,,,,,
10/7/2021,85.37,,,,,
10/8/2021,85.2,,,,,
10/11/2021,85.55,,,,,
10/12/2021,85.24,,,,,
10/13/2021,85.34,,,,,
10/14/2021,85.35,,,,,
10/15/2021,85.07,,,,,
10/18/2021,85.45,,,,,
10/19/2021,85.35,,,,,
10/20/2021,85.26,,,,,
10/21/2021,85.49,,,,,
10/22/2021,85.26,,,,,
10/25/2021,85.48,,,,,
10/26/2021,85.55,,,,,
10/27/2021,85.51,,,,,
10/28/2021,85.56,,,,,
10/29/2021,85.41,,,,,
11/1/2021,85.47,,,,,
11/2/2021,85.6,,,,,
11/3/2021,85.53,,,,,
11/4/2021,85.57,,,,,
11/5/2021,85.39,,,,,
11/8/2021,85.59,,,,,
11/9/2021,85.56,,,,,
11/10/2021,85.66,,,,,
11/11/2021,85.75,,,,,
11/12/2021,85.57,,,,,
11/15/2021,85.79,,,,,
11/16/2021,85.7,,,,,
11/17/2021,85.56,,,,,
11/18/2021,85.57,,,,,
11/19/2021,86.155,,,,,
11/22/2021,85.61,,,,,
11/23/2021,85.6,,,,,
11/24/2021,85.7,,,,,
11/25/2021,85.79,,,,,
11/26/2021,85.64,,,,,
11/29/2021,85.62,,,,,
11/30/2021,85.61,,,,,
12/1/2021,85.61,,,,,
12/2/2021,85.62,,,,,
12/3/2021,85.44,,,,,
12/6/2021,85.61,,,,,
12/7/2021,85.66,,,,,
12/8/2021,85.57,,,,,
12/9/2021,85.66,,,,,
12/10/2021,85.5,,,,,
12/13/2021,85.61,,,,,
12/14/2021,85.56,,,,,
12/15/2021,85.7,,,,,
12/16/2021,85.52,,,,,
12/17/2021,85.37,,,,,
12/20/2021,85.7,,,,,
12/21/2021,85.62,,,,,
12/22/2021,85.7,,,,,
12/23/2021,85.62,,,,,
12/24/2021,85.57,,,,,
12/27/2021,85.7,,,,,
12/28/2021,85.7,,,,,
12/29/2021,85.62,,,,,
12/30/2021,85.62,,,,,
1/3/2022,85.62,,,,,
1/4/2022,85.7,,,,,
1/5/2022,85.57,,,,,
1/6/2022,85.86,,,,,
1/7/2022,85.69,,,,,
1/10/2022,85.8,,,,,
1/11/2022,85.8,,,,,
1/12/2022,85.86,,,,,
1/13/2022,85.81,,,,,
1/17/2022,85.95,,,,,
1/18/2022,85.74,,,,,
1/19/2022,85.86,,,,,
1/20/2022,85.86,,,,,
1/24/2022,85.8,,,,,
1/25/2022,85.86,,,,,
1/26/2022,85.86,,,,,
1/27/2022,85.86,,,,,
1/31/2022,85.8,,,,,
2/1/2022,85.95,,,,,
2/2/2022,85.8,,,,,
2/3/2022,85.79,,,,,
2/4/2022,85.7,,,,,
2/7/2022,85.79,,,,,
2/8/2022,85.8,,,,,
2/9/2022,85.86,,,,,
2/10/2022,85.95,,,,,
2/11/2022,85.77,,,,,
2/14/2022,85.8,,,,,
2/15/2022,85.76,,,,,
2/16/2022,85.86,,,,,
2/17/2022,85.86,,,,,
2/18/2022,85.77,,,,,
2/22/2022,85.78,,,,,
2/23/2022,85.86,,,,,
2/24/2022,85.95,,,,,
2/28/2022,85.77,,,,,
3/1/2022,85.7,,,,,
3/2/2022,85.78,,,,,
3/3/2022,85.91,,,,,
3/4/2022,85.74,,,,,
3/7/2022,85.95,,,,,
3/8/2022,85.86,,,,,
3/9/2022,85.91,,,,,
3/10/2022,85.91,,,,,
3/11/2022,85.82,,,,,
3/14/2022,85.91,,,,,
3/15/2022,85.86,,,,,
3/16/2022,86,,,,,
3/17/2022,85.91,,,,,
3/21/2022,86,,,,,
3/22/2022,86.2,,,,,
3/23/2022,86.19,,,,,
3/24/2022,86.11,,,,,
3/25/2022,86.02,,,,,
3/28/2022,86.11,,,,,
3/29/2022,86.2,,,,,
3/30/2022,86.2,,,,,
3/31/2022,86.2,,,,,
4/1/2022,86.11,,,,,
4/4/2022,86.03,,,,,
4/5/2022,86.1,,,,,
4/6/2022,86.01,,,,,
4/7/2022,86.11,,,,,
4/8/2022,86.02,,,,,
4/11/2022,85.94,,,,,
4/12/2022,85.93,,,,,
4/13/2022,86.11,,,,,
4/14/2022,85.94,,,,,
4/18/2022,86.03,,,,,
4/19/2022,86.11,,,,,
4/20/2022,86.2,,,,,
4/21/2022,86.2,,,,,
4/22/2022,86.02,,,,,
4/25/2022,86.11,,,,,
4/26/2022,86.36,,,,,
4/27/2022,86.36,,,,,
4/28/2022,86.36,,,,,
4/29/2022,86.36,,,,,
5/2/2022,86.27,,,,,
5/3/2022,86.18,,,,,
5/4/2022,86.27,,,,,
5/5/2022,86.36,,,,,
5/6/2022,86.18,,,,,
5/9/2022,86.52,,,,,
5/10/2022,86.7,,,,,
5/11/2022,86.61,,,,,
5/12/2022,86.7,,,,,
5/13/2022,86.61,,,,,
5/16/2022,87.41,,,,,
5/17/2022,87.41,,,,,
5/18/2022,87.41,,,,,
5/19/2022,87.32,,,,,
5/20/2022,87.14,,,,,
5/23/2022,87.72,,,,,
5/24/2022,87.72,,,,,
5/25/2022,87.81,,,,,
5/26/2022,87.72,,,,,
5/27/2022,87.63,,,,,
5/30/2022,89,,,,,
5/31/2022,88.91,,,,,
6/1/2022,88.91,,,,,
6/2/2022,88.91,,,,,
6/3/2022,88.82,,,,,
6/6/2022,91.23,,,,,
6/7/2022,91.95,,,,,
6/8/2022,92.9,,,,,
6/9/2022,92.81,,,,,
6/13/2022,93.76,,,,,
6/14/2022,93.67,,,,,
6/15/2022,92.81,,,,,
6/16/2022,92.9,,,,,
6/17/2022,92.81,,,,,
6/20/2022,92.9,,,,,
6/21/2022,92.72,,,,,
6/22/2022,92.86,,,,,
6/23/2022,92.63,,,,,
6/27/2022,92.72,,,,,
6/28/2022,93.31,,,,,
6/29/2022,93.4,,,,,
6/30/2022,93.45,,,,,
7/4/2022,93.4,,,,,
7/5/2022,93.36,,,,,
7/6/2022,93.31,,,,,
7/7/2022,93.36,,,,,
7/8/2022,93.18,,,,,
7/11/2022,93,,,,,
7/12/2022,93.4,,,,,
7/13/2022,93.81,,,,,
7/14/2022,93.9,,,,,
7/18/2022,93.63,,,,,
7/19/2022,93.95,,,,,
7/20/2022,93.95,,,,,
7/21/2022,94.4,,,,,
7/22/2022,94.31,,,,,
7/25/2022,94.22,,,,,
7/26/2022,94.7,,,,,
7/27/2022,94.61,,,,,
7/28/2022,94.53,,,,,
7/29/2022,94.44,,,,,
8/1/2022,94.61,,,,,
8/2/2022,94.7,,,,,
8/3/2022,94.7,,,,,
8/4/2022,94.53,,,,,
8/5/2022,94.44,,,,,
8/8/2022,94.7,,,,,
8/9/2022,94.61,,,,,
8/10/2022,94.95,,,,,
8/11/2022,94.91,,,,,
8/15/2022,94.82,,,,,
8/16/2022,94.91,,,,,
8/17/2022,94.91,,,,,
8/18/2022,94.91,,,,,
8/19/2022,94.94,,,,,
8/22/2022,94.91,,,,,
8/23/2022,94.89,,,,,
8/24/2022,94.91,,,,,
8/25/2022,94.91,,,,,
8/26/2022,94.73,,,,,
8/29/2022,94.91,,,,,
8/30/2022,95,,,,,
8/31/2022,94.91,,,,,
9/1/2022,94.91,,,,,
9/2/2022,94.82,,,,,
9/5/2022,94.91,,,,,
9/6/2022,94.91,,,,,
9/7/2022,95,,,,,
9/8/2022,95,,,,,
9/9/2022,94.91,,,,,
9/12/2022,94.91,,,,,
9/13/2022,102.4,,,,,
9/14/2022,103.95,,,,,
9/15/2022,103.9,,,,,
9/16/2022,103.8,,,,,
9/19/2022,103.8,,,,,
9/20/2022,103.3,,,,,
9/21/2022,103.2,,,,,
9/22/2022,102.7,,,,,
9/23/2022,102.6,,,,,
9/26/2022,102.6,,,,,
9/27/2022,100.82,,,,,
9/28/2022,102.3,,,,,
9/29/2022,101.2,,,,,
9/30/2022,101.1,,,,,
10/3/2022,101.5,,,,,
10/4/2022,101.6,,,,,
10/6/2022,102.9,,,,,
10/10/2022,101.26,,,,,
10/11/2022,101.6,,,,,
10/12/2022,101.5,,,,,
10/13/2022,102,,,,,
10/14/2022,101.9,,,,,
10/17/2022,102.4,,,,,
10/18/2022,105.8,,,,,
10/19/2022,105.82,,,,,
10/20/2022,101.2,,,,,
10/24/2022,101.5,,,,,
10/25/2022,105.2,,,,,
10/26/2022,101.4,,,,,
10/27/2022,101.26,,,,,
10/28/2022,101.1,,,,,
10/31/2022,100.8,,,,,
11/1/2022,100.8,,,,,
11/2/2022,101.7,,,,,
11/3/2022,102.7,,,,,
11/4/2022,102.65,,,,,
11/7/2022,101.7,,,,,
11/8/2022,101.33,,,,,
11/9/2022,104.8,,,,,
11/10/2022,101.8,,,,,
11/11/2022,101.7,,,,,
11/14/2022,102.1,,,,,
11/15/2022,102.4,,,,,
11/16/2022,102.6,,,,,
11/17/2022,102.7,,,,,
11/18/2022,102.6,,,,,
11/21/2022,102.8,,,,,
11/22/2022,102.2,,,,,
11/23/2022,101.6,,,,,
11/24/2022,101.8,,,,,
11/25/2022,101.7,,,,,
11/28/2022,105,,,,,
11/29/2022,101.4,,,,,
11/30/2022,101.5,,,,,
12/1/2022,102.3,,,,,
12/2/2022,102.2,,,,,
12/5/2022,102.9,,,,,
12/6/2022,103.1,,,,,
12/7/2022,103.35,,,,,
12/8/2022,102.7,,,,,
12/12/2022,103.6,,,,,
12/13/2022,103.7,,,,,
12/14/2022,103.1,,,,,
12/15/2022,104.2,,,,,
12/16/2022,104.1,,,,,
12/19/2022,105.7,,,,,
12/20/2022,102.5,,,,,
12/21/2022,105.4,,,,,
12/22/2022,105.2,,,,,
12/23/2022,105.2,,,,,
12/26/2022,103.95,,,,,
12/27/2022,102.7,,,,,
12/28/2022,105.4,,,,,
12/29/2022,102.6,,,,,
12/30/2022,102.5,,,,,
1/2/2023,105.95,,,,,
1/3/2023,103.35,,,,,
1/4/2023,103.3,,,,,
1/5/2023,103.5,,,,,
1/6/2023,103.4,,,,,
1/9/2023,104.5,,,,,
1/10/2023,105,,,,,
1/11/2023,104.1,,,,,
1/12/2023,104.14,,,,,
1/13/2023,104,,,,,
1/16/2023,103.91,,,,,
1/17/2023,103.7,,,,,
1/18/2023,105.7,,,,,
1/19/2023,105.1,,,,,
1/23/2023,105.5,,,,,
1/24/2023,106.2,,,,,
1/25/2023,104.6,,,,,
1/26/2023,105.5,,,,,
1/27/2023,105.5,,,,,
1/30/2023,105.9,,,,,
1/31/2023,106.7,,,,,
2/1/2023,105.58,,,,,
2/2/2023,107.3,,,,,
2/6/2023,106.22,,,,,
2/7/2023,106.23,,,,,
2/8/2023,106.4,,,,,
2/9/2023,104.63,,,,,
2/13/2023,106.85,,,,,
2/14/2023,107.1,,,,,
2/15/2023,106.2,,,,,
2/16/2023,105.75,,,,,
2/20/2023,106.15,,,,,
2/22/2023,106.63,,,,,
2/23/2023,106.59,,,,,
2/27/2023,106.6,,,,,
2/28/2023,104.45,,,,,
3/1/2023,104.42,,,,,
3/2/2023,106.5,,,,,
3/6/2023,104.89,,,,,
3/7/2023,105.23,,,,,
3/9/2023,105.37,,,,,
3/13/2023,105.43,,,,,
3/14/2023,105.54,,,,,
3/15/2023,105.4,,,,,
3/16/2023,106.75,,,,,
3/20/2023,105.24,,,,,
3/21/2023,106.51,,,,,
3/22/2023,105.06,,,,,
3/23/2023,105.05,,,,,
3/27/2023,105.04,,,,,
3/28/2023,107.65,,,,,
3/29/2023,106.36,,,,,
3/30/2023,107.2,,,,,
4/3/2023,105.24,,,,,
4/4/2023,105.47,,,,,
4/5/2023,107.4,,,,,
4/6/2023,105.81,,,,,
4/10/2023,106.16,,,,,
4/11/2023,106.28,,,,,
4/12/2023,106.34,,,,,
4/13/2023,106.37,,,,,
4/17/2023,106.25,,,,,
4/18/2023,106.11,,,,,
4/24/2023,106.1,,,,,
